"First_Name";"Last_Name";"Email";"ID"
"Annabel";"Sharma";"test@test.com";1
"Yousif";"Dowling";"a@a.com";2
"Zahara";"Rodriquez";"b@b.com";3
"Elijah";"Browning";"c@c.com";4
"Norma";"Villegas";"d@d.com";5
"Danica";"Dyer";"e@e.com";6
"Rufus";"Norris";"f@f.com";7
"Gideon";"Hopper";"g@g.com";8
"Jobe";"Derrick";"h@h.com";9
"Helin";"Hoffman";"j@j.com";10
"Christina";"Lynn";"k@k.com";11
"Jordon";"Beltran";"l@l.com";12
"Connar";"Park";"m@m.com";13
"Adele";"Baldwin";"n@n.com";14
"Vanessa";"Frame";"o@o.com";15
"a";"a";"abc@abc.com";17
